gene_id,symbol,name,species,ensembl,entrez,biotype,synonyms
Actb,Actb,actin beta,Mus musculus,,,protein_coding,
Gapdh,Gapdh,glyceraldehyde-3-phosphate dehydrogenase,Mus musculus,,,protein_coding,
Tbp,Tbp,,Mus musculus,,,protein_coding,
Rpl13a,Rpl13a,,Mus musculus,,,protein_coding,
B2m,B2m,,Mus musculus,,,protein_coding,
Ppia,Ppia,,Mus musculus,,,protein_coding,
Hprt,Hprt,,Mus musculus,,,protein_coding,
Havcr1,Havcr1,hepatitis A virus cellular receptor 1 (Kim-1),Mus musculus,,,protein_coding,
Lcn2,Lcn2,lipocalin 2 (NGAL),Mus musculus,,,protein_coding,
Timp1,Timp1,,Mus musculus,,,protein_coding,
Col1a1,Col1a1,collagen type I alpha 1 chain,Mus musculus,,,protein_coding,
Fn1,Fn1,,Mus musculus,,,protein_coding,
Ccl2,Ccl2,,Mus musculus,,,protein_coding,
Spp1,Spp1,,Mus musculus,,,protein_coding,
Vim,Vim,,Mus musculus,,,protein_coding,
Adgre1,Adgre1,,Mus musculus,,,protein_coding,
Tgfb1,Tgfb1,,Mus musculus,,,protein_coding,
Slc34a1,Slc34a1,solute carrier family 34 member 1,Mus musculus,,,protein_coding,
Lrp2,Lrp2,,Mus musculus,,,protein_coding,
Umod,Umod,uromodulin,Mus musculus,,,protein_coding,
Kap,Kap,,Mus musculus,,,protein_coding,
Slc12a1,Slc12a1,,Mus musculus,,,protein_coding,
Aqp2,Aqp2,,Mus musculus,,,protein_coding,
Cd36,Cd36,CD36 molecule,Mus musculus,,,protein_coding,
Scd1,Scd1,,Mus musculus,,,protein_coding,
Mogat1,Mogat1,,Mus musculus,,,protein_coding,
Cidec,Cidec,,Mus musculus,,,protein_coding,
Saa3,Saa3,,Mus musculus,,,protein_coding,
Cyp7b1,Cyp7b1,,Mus musculus,,,protein_coding,
Acox1,Acox1,,Mus musculus,,,protein_coding,
Hmgcs2,Hmgcs2,,Mus musculus,,,protein_coding,
Ppargc1a,Ppargc1a,,Mus musculus,,,protein_coding,
Gm10000,Gm10000,,Mus musculus,,,protein_coding,
Gm10001,Gm10001,,Mus musculus,,,protein_coding,
Gm10002,Gm10002,,Mus musculus,,,protein_coding,
Gm10003,Gm10003,,Mus musculus,,,protein_coding,
Gm10004,Gm10004,,Mus musculus,,,protein_coding,
Gm10005,Gm10005,,Mus musculus,,,protein_coding,
Gm10006,Gm10006,,Mus musculus,,,protein_coding,
Gm10007,Gm10007,,Mus musculus,,,protein_coding,
Gm10008,Gm10008,,Mus musculus,,,protein_coding,
Gm10009,Gm10009,,Mus musculus,,,protein_coding,
Gm10010,Gm10010,,Mus musculus,,,protein_coding,
Gm10011,Gm10011,,Mus musculus,,,protein_coding,
Gm10012,Gm10012,,Mus musculus,,,protein_coding,
Gm10013,Gm10013,,Mus musculus,,,protein_coding,
Gm10014,Gm10014,,Mus musculus,,,protein_coding,
Gm10015,Gm10015,,Mus musculus,,,protein_coding,
Gm10016,Gm10016,,Mus musculus,,,protein_coding,
Gm10017,Gm10017,,Mus musculus,,,protein_coding,
Gm10018,Gm10018,,Mus musculus,,,protein_coding,
Gm10019,Gm10019,,Mus musculus,,,protein_coding,
Gm10020,Gm10020,,Mus musculus,,,protein_coding,
Gm10021,Gm10021,,Mus musculus,,,protein_coding,
Gm10022,Gm10022,,Mus musculus,,,protein_coding,
Gm10023,Gm10023,,Mus musculus,,,protein_coding,
Gm10024,Gm10024,,Mus musculus,,,protein_coding,
Gm10025,Gm10025,,Mus musculus,,,protein_coding,
Gm10026,Gm10026,,Mus musculus,,,protein_coding,
Gm10027,Gm10027,,Mus musculus,,,protein_coding,
Gm10028,Gm10028,,Mus musculus,,,protein_coding,
Gm10029,Gm10029,,Mus musculus,,,protein_coding,
Gm10030,Gm10030,,Mus musculus,,,protein_coding,
Gm10031,Gm10031,,Mus musculus,,,protein_coding,
Gm10032,Gm10032,,Mus musculus,,,protein_coding,
Gm10033,Gm10033,,Mus musculus,,,protein_coding,
Gm10034,Gm10034,,Mus musculus,,,protein_coding,
Gm10035,Gm10035,,Mus musculus,,,protein_coding,
Gm10036,Gm10036,,Mus musculus,,,protein_coding,
Gm10037,Gm10037,,Mus musculus,,,protein_coding,
Gm10038,Gm10038,,Mus musculus,,,protein_coding,
Gm10039,Gm10039,,Mus musculus,,,protein_coding,
Gm10040,Gm10040,,Mus musculus,,,protein_coding,
Gm10041,Gm10041,,Mus musculus,,,protein_coding,
Gm10042,Gm10042,,Mus musculus,,,protein_coding,
Gm10043,Gm10043,,Mus musculus,,,protein_coding,
Gm10044,Gm10044,,Mus musculus,,,protein_coding,
Gm10045,Gm10045,,Mus musculus,,,protein_coding,
Gm10046,Gm10046,,Mus musculus,,,protein_coding,
Gm10047,Gm10047,,Mus musculus,,,protein_coding,
Gm10048,Gm10048,,Mus musculus,,,protein_coding,
Gm10049,Gm10049,,Mus musculus,,,protein_coding,
Gm10050,Gm10050,,Mus musculus,,,protein_coding,
Gm10051,Gm10051,,Mus musculus,,,protein_coding,
Gm10052,Gm10052,,Mus musculus,,,protein_coding,
Gm10053,Gm10053,,Mus musculus,,,protein_coding,
Gm10054,Gm10054,,Mus musculus,,,protein_coding,
Gm10055,Gm10055,,Mus musculus,,,protein_coding,
Gm10056,Gm10056,,Mus musculus,,,protein_coding,
Gm10057,Gm10057,,Mus musculus,,,protein_coding,
Gm10058,Gm10058,,Mus musculus,,,protein_coding,
Gm10059,Gm10059,,Mus musculus,,,protein_coding,
Gm10060,Gm10060,,Mus musculus,,,protein_coding,
Gm10061,Gm10061,,Mus musculus,,,protein_coding,
Gm10062,Gm10062,,Mus musculus,,,protein_coding,
Gm10063,Gm10063,,Mus musculus,,,protein_coding,
Gm10064,Gm10064,,Mus musculus,,,protein_coding,
Gm10065,Gm10065,,Mus musculus,,,protein_coding,
Gm10066,Gm10066,,Mus musculus,,,protein_coding,
Gm10067,Gm10067,,Mus musculus,,,protein_coding,
Gm10068,Gm10068,,Mus musculus,,,protein_coding,
Gm10069,Gm10069,,Mus musculus,,,protein_coding,
Gm10070,Gm10070,,Mus musculus,,,protein_coding,
Gm10071,Gm10071,,Mus musculus,,,protein_coding,
Gm10072,Gm10072,,Mus musculus,,,protein_coding,
Gm10073,Gm10073,,Mus musculus,,,protein_coding,
Gm10074,Gm10074,,Mus musculus,,,protein_coding,
Gm10075,Gm10075,,Mus musculus,,,protein_coding,
Gm10076,Gm10076,,Mus musculus,,,protein_coding,
Gm10077,Gm10077,,Mus musculus,,,protein_coding,
Gm10078,Gm10078,,Mus musculus,,,protein_coding,
Gm10079,Gm10079,,Mus musculus,,,protein_coding,
Gm10080,Gm10080,,Mus musculus,,,protein_coding,
Gm10081,Gm10081,,Mus musculus,,,protein_coding,
Gm10082,Gm10082,,Mus musculus,,,protein_coding,
Gm10083,Gm10083,,Mus musculus,,,protein_coding,
Gm10084,Gm10084,,Mus musculus,,,protein_coding,
Gm10085,Gm10085,,Mus musculus,,,protein_coding,
Gm10086,Gm10086,,Mus musculus,,,protein_coding,
Gm10087,Gm10087,,Mus musculus,,,protein_coding,
Gm10088,Gm10088,,Mus musculus,,,protein_coding,
Gm10089,Gm10089,,Mus musculus,,,protein_coding,
Gm10090,Gm10090,,Mus musculus,,,protein_coding,
Gm10091,Gm10091,,Mus musculus,,,protein_coding,
Gm10092,Gm10092,,Mus musculus,,,protein_coding,
Gm10093,Gm10093,,Mus musculus,,,protein_coding,
Gm10094,Gm10094,,Mus musculus,,,protein_coding,
Gm10095,Gm10095,,Mus musculus,,,protein_coding,
Gm10096,Gm10096,,Mus musculus,,,protein_coding,
Gm10097,Gm10097,,Mus musculus,,,protein_coding,
Gm10098,Gm10098,,Mus musculus,,,protein_coding,
Gm10099,Gm10099,,Mus musculus,,,protein_coding,
Gm10100,Gm10100,,Mus musculus,,,protein_coding,
Gm10101,Gm10101,,Mus musculus,,,protein_coding,
Gm10102,Gm10102,,Mus musculus,,,protein_coding,
Gm10103,Gm10103,,Mus musculus,,,protein_coding,
Gm10104,Gm10104,,Mus musculus,,,protein_coding,
Gm10105,Gm10105,,Mus musculus,,,protein_coding,
Gm10106,Gm10106,,Mus musculus,,,protein_coding,
Gm10107,Gm10107,,Mus musculus,,,protein_coding,
Gm10108,Gm10108,,Mus musculus,,,protein_coding,
Gm10109,Gm10109,,Mus musculus,,,protein_coding,
Gm10110,Gm10110,,Mus musculus,,,protein_coding,
Gm10111,Gm10111,,Mus musculus,,,protein_coding,
Gm10112,Gm10112,,Mus musculus,,,protein_coding,
Gm10113,Gm10113,,Mus musculus,,,protein_coding,
Gm10114,Gm10114,,Mus musculus,,,protein_coding,
Gm10115,Gm10115,,Mus musculus,,,protein_coding,
Gm10116,Gm10116,,Mus musculus,,,protein_coding,
Gm10117,Gm10117,,Mus musculus,,,protein_coding,
Gm10118,Gm10118,,Mus musculus,,,protein_coding,
Gm10119,Gm10119,,Mus musculus,,,protein_coding,
Gm10120,Gm10120,,Mus musculus,,,protein_coding,
Gm10121,Gm10121,,Mus musculus,,,protein_coding,
Gm10122,Gm10122,,Mus musculus,,,protein_coding,
Gm10123,Gm10123,,Mus musculus,,,protein_coding,
Gm10124,Gm10124,,Mus musculus,,,protein_coding,
Gm10125,Gm10125,,Mus musculus,,,protein_coding,
Gm10126,Gm10126,,Mus musculus,,,protein_coding,
Gm10127,Gm10127,,Mus musculus,,,protein_coding,
Gm10128,Gm10128,,Mus musculus,,,protein_coding,
Gm10129,Gm10129,,Mus musculus,,,protein_coding,
Gm10130,Gm10130,,Mus musculus,,,protein_coding,
Gm10131,Gm10131,,Mus musculus,,,protein_coding,
Gm10132,Gm10132,,Mus musculus,,,protein_coding,
Gm10133,Gm10133,,Mus musculus,,,protein_coding,
Gm10134,Gm10134,,Mus musculus,,,protein_coding,
Gm10135,Gm10135,,Mus musculus,,,protein_coding,
Gm10136,Gm10136,,Mus musculus,,,protein_coding,
Gm10137,Gm10137,,Mus musculus,,,protein_coding,
Gm10138,Gm10138,,Mus musculus,,,protein_coding,
Gm10139,Gm10139,,Mus musculus,,,protein_coding,
Gm10140,Gm10140,,Mus musculus,,,protein_coding,
Gm10141,Gm10141,,Mus musculus,,,protein_coding,
Gm10142,Gm10142,,Mus musculus,,,protein_coding,
Gm10143,Gm10143,,Mus musculus,,,protein_coding,
Gm10144,Gm10144,,Mus musculus,,,protein_coding,
Gm10145,Gm10145,,Mus musculus,,,protein_coding,
Gm10146,Gm10146,,Mus musculus,,,protein_coding,
Gm10147,Gm10147,,Mus musculus,,,protein_coding,
Gm10148,Gm10148,,Mus musculus,,,protein_coding,
Gm10149,Gm10149,,Mus musculus,,,protein_coding,
Gm10150,Gm10150,,Mus musculus,,,protein_coding,
Gm10151,Gm10151,,Mus musculus,,,protein_coding,
Gm10152,Gm10152,,Mus musculus,,,protein_coding,
Gm10153,Gm10153,,Mus musculus,,,protein_coding,
Gm10154,Gm10154,,Mus musculus,,,protein_coding,
Gm10155,Gm10155,,Mus musculus,,,protein_coding,
Gm10156,Gm10156,,Mus musculus,,,protein_coding,
Gm10157,Gm10157,,Mus musculus,,,protein_coding,
Gm10158,Gm10158,,Mus musculus,,,protein_coding,
Gm10159,Gm10159,,Mus musculus,,,protein_coding,
Gm10160,Gm10160,,Mus musculus,,,protein_coding,
Gm10161,Gm10161,,Mus musculus,,,protein_coding,
Gm10162,Gm10162,,Mus musculus,,,protein_coding,
Gm10163,Gm10163,,Mus musculus,,,protein_coding,
Gm10164,Gm10164,,Mus musculus,,,protein_coding,
Gm10165,Gm10165,,Mus musculus,,,protein_coding,
Gm10166,Gm10166,,Mus musculus,,,protein_coding,
Gm10167,Gm10167,,Mus musculus,,,protein_coding,
Gm10168,Gm10168,,Mus musculus,,,protein_coding,
Gm10169,Gm10169,,Mus musculus,,,protein_coding,
Gm10170,Gm10170,,Mus musculus,,,protein_coding,
Gm10171,Gm10171,,Mus musculus,,,protein_coding,
Gm10172,Gm10172,,Mus musculus,,,protein_coding,
Gm10173,Gm10173,,Mus musculus,,,protein_coding,
Gm10174,Gm10174,,Mus musculus,,,protein_coding,
Gm10175,Gm10175,,Mus musculus,,,protein_coding,
Gm10176,Gm10176,,Mus musculus,,,protein_coding,
Gm10177,Gm10177,,Mus musculus,,,protein_coding,
Gm10178,Gm10178,,Mus musculus,,,protein_coding,
Gm10179,Gm10179,,Mus musculus,,,protein_coding,
Gm10180,Gm10180,,Mus musculus,,,protein_coding,
Gm10181,Gm10181,,Mus musculus,,,protein_coding,
Gm10182,Gm10182,,Mus musculus,,,protein_coding,
Gm10183,Gm10183,,Mus musculus,,,protein_coding,
Gm10184,Gm10184,,Mus musculus,,,protein_coding,
Gm10185,Gm10185,,Mus musculus,,,protein_coding,
Gm10186,Gm10186,,Mus musculus,,,protein_coding,
Gm10187,Gm10187,,Mus musculus,,,protein_coding,
Gm10188,Gm10188,,Mus musculus,,,protein_coding,
Gm10189,Gm10189,,Mus musculus,,,protein_coding,
Gm10190,Gm10190,,Mus musculus,,,protein_coding,
Gm10191,Gm10191,,Mus musculus,,,protein_coding,
Gm10192,Gm10192,,Mus musculus,,,protein_coding,
Gm10193,Gm10193,,Mus musculus,,,protein_coding,
Gm10194,Gm10194,,Mus musculus,,,protein_coding,
Gm10195,Gm10195,,Mus musculus,,,protein_coding,
Gm10196,Gm10196,,Mus musculus,,,protein_coding,
Gm10197,Gm10197,,Mus musculus,,,protein_coding,
Gm10198,Gm10198,,Mus musculus,,,protein_coding,
Gm10199,Gm10199,,Mus musculus,,,protein_coding,
Gm10200,Gm10200,,Mus musculus,,,protein_coding,
Gm10201,Gm10201,,Mus musculus,,,protein_coding,
Gm10202,Gm10202,,Mus musculus,,,protein_coding,
Gm10203,Gm10203,,Mus musculus,,,protein_coding,
Gm10204,Gm10204,,Mus musculus,,,protein_coding,
Gm10205,Gm10205,,Mus musculus,,,protein_coding,
Gm10206,Gm10206,,Mus musculus,,,protein_coding,
Gm10207,Gm10207,,Mus musculus,,,protein_coding,
Gm10208,Gm10208,,Mus musculus,,,protein_coding,
Gm10209,Gm10209,,Mus musculus,,,protein_coding,
Gm10210,Gm10210,,Mus musculus,,,protein_coding,
Gm10211,Gm10211,,Mus musculus,,,protein_coding,
Gm10212,Gm10212,,Mus musculus,,,protein_coding,
Gm10213,Gm10213,,Mus musculus,,,protein_coding,
Gm10214,Gm10214,,Mus musculus,,,protein_coding,
Gm10215,Gm10215,,Mus musculus,,,protein_coding,
Gm10216,Gm10216,,Mus musculus,,,protein_coding,
Gm10217,Gm10217,,Mus musculus,,,protein_coding,
Gm10218,Gm10218,,Mus musculus,,,protein_coding,
Gm10219,Gm10219,,Mus musculus,,,protein_coding,
Gm10220,Gm10220,,Mus musculus,,,protein_coding,
Gm10221,Gm10221,,Mus musculus,,,protein_coding,
Gm10222,Gm10222,,Mus musculus,,,protein_coding,
Gm10223,Gm10223,,Mus musculus,,,protein_coding,
Gm10224,Gm10224,,Mus musculus,,,protein_coding,
Gm10225,Gm10225,,Mus musculus,,,protein_coding,
Gm10226,Gm10226,,Mus musculus,,,protein_coding,
Gm10227,Gm10227,,Mus musculus,,,protein_coding,
Gm10228,Gm10228,,Mus musculus,,,protein_coding,
Gm10229,Gm10229,,Mus musculus,,,protein_coding,
Gm10230,Gm10230,,Mus musculus,,,protein_coding,
Gm10231,Gm10231,,Mus musculus,,,protein_coding,
Gm10232,Gm10232,,Mus musculus,,,protein_coding,
Gm10233,Gm10233,,Mus musculus,,,protein_coding,
Gm10234,Gm10234,,Mus musculus,,,protein_coding,
Gm10235,Gm10235,,Mus musculus,,,protein_coding,
Gm10236,Gm10236,,Mus musculus,,,protein_coding,
Gm10237,Gm10237,,Mus musculus,,,protein_coding,
Gm10238,Gm10238,,Mus musculus,,,protein_coding,
Gm10239,Gm10239,,Mus musculus,,,protein_coding,
Gm10240,Gm10240,,Mus musculus,,,protein_coding,
Gm10241,Gm10241,,Mus musculus,,,protein_coding,
Gm10242,Gm10242,,Mus musculus,,,protein_coding,
Gm10243,Gm10243,,Mus musculus,,,protein_coding,
Gm10244,Gm10244,,Mus musculus,,,protein_coding,
Gm10245,Gm10245,,Mus musculus,,,protein_coding,
Gm10246,Gm10246,,Mus musculus,,,protein_coding,
Gm10247,Gm10247,,Mus musculus,,,protein_coding,
Gm10248,Gm10248,,Mus musculus,,,protein_coding,
Gm10249,Gm10249,,Mus musculus,,,protein_coding,
Gm10250,Gm10250,,Mus musculus,,,protein_coding,
Gm10251,Gm10251,,Mus musculus,,,protein_coding,
Gm10252,Gm10252,,Mus musculus,,,protein_coding,
Gm10253,Gm10253,,Mus musculus,,,protein_coding,
Gm10254,Gm10254,,Mus musculus,,,protein_coding,
Gm10255,Gm10255,,Mus musculus,,,protein_coding,
Gm10256,Gm10256,,Mus musculus,,,protein_coding,
Gm10257,Gm10257,,Mus musculus,,,protein_coding,
Gm10258,Gm10258,,Mus musculus,,,protein_coding,
Gm10259,Gm10259,,Mus musculus,,,protein_coding,
Gm10260,Gm10260,,Mus musculus,,,protein_coding,
Gm10261,Gm10261,,Mus musculus,,,protein_coding,
Gm10262,Gm10262,,Mus musculus,,,protein_coding,
Gm10263,Gm10263,,Mus musculus,,,protein_coding,
Gm10264,Gm10264,,Mus musculus,,,protein_coding,
Gm10265,Gm10265,,Mus musculus,,,protein_coding,
Gm10266,Gm10266,,Mus musculus,,,protein_coding,
Gm10267,Gm10267,,Mus musculus,,,protein_coding,
Gm10268,Gm10268,,Mus musculus,,,protein_coding,
Gm10269,Gm10269,,Mus musculus,,,protein_coding,
Gm10270,Gm10270,,Mus musculus,,,protein_coding,
Gm10271,Gm10271,,Mus musculus,,,protein_coding,
Gm10272,Gm10272,,Mus musculus,,,protein_coding,
Gm10273,Gm10273,,Mus musculus,,,protein_coding,
Gm10274,Gm10274,,Mus musculus,,,protein_coding,
Gm10275,Gm10275,,Mus musculus,,,protein_coding,
Gm10276,Gm10276,,Mus musculus,,,protein_coding,
Gm10277,Gm10277,,Mus musculus,,,protein_coding,
Gm10278,Gm10278,,Mus musculus,,,protein_coding,
Gm10279,Gm10279,,Mus musculus,,,protein_coding,
Gm10280,Gm10280,,Mus musculus,,,protein_coding,
Gm10281,Gm10281,,Mus musculus,,,protein_coding,
Gm10282,Gm10282,,Mus musculus,,,protein_coding,
Gm10283,Gm10283,,Mus musculus,,,protein_coding,
Gm10284,Gm10284,,Mus musculus,,,protein_coding,
Gm10285,Gm10285,,Mus musculus,,,protein_coding,
Gm10286,Gm10286,,Mus musculus,,,protein_coding,
Gm10287,Gm10287,,Mus musculus,,,protein_coding,
Gm10288,Gm10288,,Mus musculus,,,protein_coding,
Gm10289,Gm10289,,Mus musculus,,,protein_coding,
Gm10290,Gm10290,,Mus musculus,,,protein_coding,
Gm10291,Gm10291,,Mus musculus,,,protein_coding,
Gm10292,Gm10292,,Mus musculus,,,protein_coding,
Gm10293,Gm10293,,Mus musculus,,,protein_coding,
Gm10294,Gm10294,,Mus musculus,,,protein_coding,
Gm10295,Gm10295,,Mus musculus,,,protein_coding,
Gm10296,Gm10296,,Mus musculus,,,protein_coding,
Gm10297,Gm10297,,Mus musculus,,,protein_coding,
Gm10298,Gm10298,,Mus musculus,,,protein_coding,
Gm10299,Gm10299,,Mus musculus,,,protein_coding,
Gm10300,Gm10300,,Mus musculus,,,protein_coding,
Gm10301,Gm10301,,Mus musculus,,,protein_coding,
Gm10302,Gm10302,,Mus musculus,,,protein_coding,
Gm10303,Gm10303,,Mus musculus,,,protein_coding,
Gm10304,Gm10304,,Mus musculus,,,protein_coding,
Gm10305,Gm10305,,Mus musculus,,,protein_coding,
Gm10306,Gm10306,,Mus musculus,,,protein_coding,
Gm10307,Gm10307,,Mus musculus,,,protein_coding,
Gm10308,Gm10308,,Mus musculus,,,protein_coding,
Gm10309,Gm10309,,Mus musculus,,,protein_coding,
Gm10310,Gm10310,,Mus musculus,,,protein_coding,
Gm10311,Gm10311,,Mus musculus,,,protein_coding,
Gm10312,Gm10312,,Mus musculus,,,protein_coding,
Gm10313,Gm10313,,Mus musculus,,,protein_coding,
Gm10314,Gm10314,,Mus musculus,,,protein_coding,
Gm10315,Gm10315,,Mus musculus,,,protein_coding,
Gm10316,Gm10316,,Mus musculus,,,protein_coding,
Gm10317,Gm10317,,Mus musculus,,,protein_coding,
Gm10318,Gm10318,,Mus musculus,,,protein_coding,
Gm10319,Gm10319,,Mus musculus,,,protein_coding,
Gm10320,Gm10320,,Mus musculus,,,protein_coding,
Gm10321,Gm10321,,Mus musculus,,,protein_coding,
Gm10322,Gm10322,,Mus musculus,,,protein_coding,
Gm10323,Gm10323,,Mus musculus,,,protein_coding,
Gm10324,Gm10324,,Mus musculus,,,protein_coding,
Gm10325,Gm10325,,Mus musculus,,,protein_coding,
Gm10326,Gm10326,,Mus musculus,,,protein_coding,
Gm10327,Gm10327,,Mus musculus,,,protein_coding,
Gm10328,Gm10328,,Mus musculus,,,protein_coding,
Gm10329,Gm10329,,Mus musculus,,,protein_coding,
Gm10330,Gm10330,,Mus musculus,,,protein_coding,
Gm10331,Gm10331,,Mus musculus,,,protein_coding,
Gm10332,Gm10332,,Mus musculus,,,protein_coding,
Gm10333,Gm10333,,Mus musculus,,,protein_coding,
Gm10334,Gm10334,,Mus musculus,,,protein_coding,
Gm10335,Gm10335,,Mus musculus,,,protein_coding,
Gm10336,Gm10336,,Mus musculus,,,protein_coding,
Gm10337,Gm10337,,Mus musculus,,,protein_coding,
Gm10338,Gm10338,,Mus musculus,,,protein_coding,
Gm10339,Gm10339,,Mus musculus,,,protein_coding,
Gm10340,Gm10340,,Mus musculus,,,protein_coding,
Gm10341,Gm10341,,Mus musculus,,,protein_coding,
Gm10342,Gm10342,,Mus musculus,,,protein_coding,
Gm10343,Gm10343,,Mus musculus,,,protein_coding,
Gm10344,Gm10344,,Mus musculus,,,protein_coding,
Gm10345,Gm10345,,Mus musculus,,,protein_coding,
Gm10346,Gm10346,,Mus musculus,,,protein_coding,
Gm10347,Gm10347,,Mus musculus,,,protein_coding,
Gm10348,Gm10348,,Mus musculus,,,protein_coding,
Gm10349,Gm10349,,Mus musculus,,,protein_coding,
Gm10350,Gm10350,,Mus musculus,,,protein_coding,
Gm10351,Gm10351,,Mus musculus,,,protein_coding,
Gm10352,Gm10352,,Mus musculus,,,protein_coding,
Gm10353,Gm10353,,Mus musculus,,,protein_coding,
Gm10354,Gm10354,,Mus musculus,,,protein_coding,
Gm10355,Gm10355,,Mus musculus,,,protein_coding,
Gm10356,Gm10356,,Mus musculus,,,protein_coding,
Gm10357,Gm10357,,Mus musculus,,,protein_coding,
Gm10358,Gm10358,,Mus musculus,,,protein_coding,
Gm10359,Gm10359,,Mus musculus,,,protein_coding,
Gm10360,Gm10360,,Mus musculus,,,protein_coding,
Gm10361,Gm10361,,Mus musculus,,,protein_coding,
Gm10362,Gm10362,,Mus musculus,,,protein_coding,
Gm10363,Gm10363,,Mus musculus,,,protein_coding,
Gm10364,Gm10364,,Mus musculus,,,protein_coding,
Gm10365,Gm10365,,Mus musculus,,,protein_coding,
Gm10366,Gm10366,,Mus musculus,,,protein_coding,
Gm10367,Gm10367,,Mus musculus,,,protein_coding,
Gm10368,Gm10368,,Mus musculus,,,protein_coding,
Gm10369,Gm10369,,Mus musculus,,,protein_coding,
Gm10370,Gm10370,,Mus musculus,,,protein_coding,
Gm10371,Gm10371,,Mus musculus,,,protein_coding,
Gm10372,Gm10372,,Mus musculus,,,protein_coding,
Gm10373,Gm10373,,Mus musculus,,,protein_coding,
Gm10374,Gm10374,,Mus musculus,,,protein_coding,
Gm10375,Gm10375,,Mus musculus,,,protein_coding,
Gm10376,Gm10376,,Mus musculus,,,protein_coding,
Gm10377,Gm10377,,Mus musculus,,,protein_coding,
Gm10378,Gm10378,,Mus musculus,,,protein_coding,
Gm10379,Gm10379,,Mus musculus,,,protein_coding,
Gm10380,Gm10380,,Mus musculus,,,protein_coding,
Gm10381,Gm10381,,Mus musculus,,,protein_coding,
Gm10382,Gm10382,,Mus musculus,,,protein_coding,
Gm10383,Gm10383,,Mus musculus,,,protein_coding,
Gm10384,Gm10384,,Mus musculus,,,protein_coding,
Gm10385,Gm10385,,Mus musculus,,,protein_coding,
Gm10386,Gm10386,,Mus musculus,,,protein_coding,
Gm10387,Gm10387,,Mus musculus,,,protein_coding,
Gm10388,Gm10388,,Mus musculus,,,protein_coding,
Gm10389,Gm10389,,Mus musculus,,,protein_coding,
Gm10390,Gm10390,,Mus musculus,,,protein_coding,
Gm10391,Gm10391,,Mus musculus,,,protein_coding,
Gm10392,Gm10392,,Mus musculus,,,protein_coding,
Gm10393,Gm10393,,Mus musculus,,,protein_coding,
Gm10394,Gm10394,,Mus musculus,,,protein_coding,
Gm10395,Gm10395,,Mus musculus,,,protein_coding,
Gm10396,Gm10396,,Mus musculus,,,protein_coding,
Gm10397,Gm10397,,Mus musculus,,,protein_coding,
Gm10398,Gm10398,,Mus musculus,,,protein_coding,
Gm10399,Gm10399,,Mus musculus,,,protein_coding,
Gm10400,Gm10400,,Mus musculus,,,protein_coding,
Gm10401,Gm10401,,Mus musculus,,,protein_coding,
Gm10402,Gm10402,,Mus musculus,,,protein_coding,
Gm10403,Gm10403,,Mus musculus,,,protein_coding,
Gm10404,Gm10404,,Mus musculus,,,protein_coding,
Gm10405,Gm10405,,Mus musculus,,,protein_coding,
Gm10406,Gm10406,,Mus musculus,,,protein_coding,
Gm10407,Gm10407,,Mus musculus,,,protein_coding,
Gm10408,Gm10408,,Mus musculus,,,protein_coding,
Gm10409,Gm10409,,Mus musculus,,,protein_coding,
Gm10410,Gm10410,,Mus musculus,,,protein_coding,
Gm10411,Gm10411,,Mus musculus,,,protein_coding,
Gm10412,Gm10412,,Mus musculus,,,protein_coding,
Gm10413,Gm10413,,Mus musculus,,,protein_coding,
Gm10414,Gm10414,,Mus musculus,,,protein_coding,
Gm10415,Gm10415,,Mus musculus,,,protein_coding,
Gm10416,Gm10416,,Mus musculus,,,protein_coding,
Gm10417,Gm10417,,Mus musculus,,,protein_coding,
Gm10418,Gm10418,,Mus musculus,,,protein_coding,
Gm10419,Gm10419,,Mus musculus,,,protein_coding,
Gm10420,Gm10420,,Mus musculus,,,protein_coding,
Gm10421,Gm10421,,Mus musculus,,,protein_coding,
Gm10422,Gm10422,,Mus musculus,,,protein_coding,
Gm10423,Gm10423,,Mus musculus,,,protein_coding,
Gm10424,Gm10424,,Mus musculus,,,protein_coding,
Gm10425,Gm10425,,Mus musculus,,,protein_coding,
Gm10426,Gm10426,,Mus musculus,,,protein_coding,
Gm10427,Gm10427,,Mus musculus,,,protein_coding,
Gm10428,Gm10428,,Mus musculus,,,protein_coding,
Gm10429,Gm10429,,Mus musculus,,,protein_coding,
Gm10430,Gm10430,,Mus musculus,,,protein_coding,
Gm10431,Gm10431,,Mus musculus,,,protein_coding,
Gm10432,Gm10432,,Mus musculus,,,protein_coding,
Gm10433,Gm10433,,Mus musculus,,,protein_coding,
Gm10434,Gm10434,,Mus musculus,,,protein_coding,
Gm10435,Gm10435,,Mus musculus,,,protein_coding,
Gm10436,Gm10436,,Mus musculus,,,protein_coding,
Gm10437,Gm10437,,Mus musculus,,,protein_coding,
Gm10438,Gm10438,,Mus musculus,,,protein_coding,
Gm10439,Gm10439,,Mus musculus,,,protein_coding,
Gm10440,Gm10440,,Mus musculus,,,protein_coding,
Gm10441,Gm10441,,Mus musculus,,,protein_coding,
Gm10442,Gm10442,,Mus musculus,,,protein_coding,
Gm10443,Gm10443,,Mus musculus,,,protein_coding,
Gm10444,Gm10444,,Mus musculus,,,protein_coding,
Gm10445,Gm10445,,Mus musculus,,,protein_coding,
Gm10446,Gm10446,,Mus musculus,,,protein_coding,
Gm10447,Gm10447,,Mus musculus,,,protein_coding,
Gm10448,Gm10448,,Mus musculus,,,protein_coding,
Gm10449,Gm10449,,Mus musculus,,,protein_coding,
Gm10450,Gm10450,,Mus musculus,,,protein_coding,
Gm10451,Gm10451,,Mus musculus,,,protein_coding,
Gm10452,Gm10452,,Mus musculus,,,protein_coding,
Gm10453,Gm10453,,Mus musculus,,,protein_coding,
Gm10454,Gm10454,,Mus musculus,,,protein_coding,
Gm10455,Gm10455,,Mus musculus,,,protein_coding,
Gm10456,Gm10456,,Mus musculus,,,protein_coding,
Gm10457,Gm10457,,Mus musculus,,,protein_coding,
Gm10458,Gm10458,,Mus musculus,,,protein_coding,
Gm10459,Gm10459,,Mus musculus,,,protein_coding,
Gm10460,Gm10460,,Mus musculus,,,protein_coding,
Gm10461,Gm10461,,Mus musculus,,,protein_coding,
Gm10462,Gm10462,,Mus musculus,,,protein_coding,
Gm10463,Gm10463,,Mus musculus,,,protein_coding,
Gm10464,Gm10464,,Mus musculus,,,protein_coding,
Gm10465,Gm10465,,Mus musculus,,,protein_coding,
Gm10466,Gm10466,,Mus musculus,,,protein_coding,
Gm10467,Gm10467,,Mus musculus,,,protein_coding,
Gm10468,Gm10468,,Mus musculus,,,protein_coding,
Gm10469,Gm10469,,Mus musculus,,,protein_coding,
Gm10470,Gm10470,,Mus musculus,,,protein_coding,
Gm10471,Gm10471,,Mus musculus,,,protein_coding,
Gm10472,Gm10472,,Mus musculus,,,protein_coding,
Gm10473,Gm10473,,Mus musculus,,,protein_coding,
Gm10474,Gm10474,,Mus musculus,,,protein_coding,
Gm10475,Gm10475,,Mus musculus,,,protein_coding,
Gm10476,Gm10476,,Mus musculus,,,protein_coding,
Gm10477,Gm10477,,Mus musculus,,,protein_coding,
Gm10478,Gm10478,,Mus musculus,,,protein_coding,
Gm10479,Gm10479,,Mus musculus,,,protein_coding,
Gm10480,Gm10480,,Mus musculus,,,protein_coding,
Gm10481,Gm10481,,Mus musculus,,,protein_coding,
Gm10482,Gm10482,,Mus musculus,,,protein_coding,
Gm10483,Gm10483,,Mus musculus,,,protein_coding,
Gm10484,Gm10484,,Mus musculus,,,protein_coding,
Gm10485,Gm10485,,Mus musculus,,,protein_coding,
Gm10486,Gm10486,,Mus musculus,,,protein_coding,
Gm10487,Gm10487,,Mus musculus,,,protein_coding,
Gm10488,Gm10488,,Mus musculus,,,protein_coding,
Gm10489,Gm10489,,Mus musculus,,,protein_coding,
Gm10490,Gm10490,,Mus musculus,,,protein_coding,
Gm10491,Gm10491,,Mus musculus,,,protein_coding,
Gm10492,Gm10492,,Mus musculus,,,protein_coding,
Gm10493,Gm10493,,Mus musculus,,,protein_coding,
Gm10494,Gm10494,,Mus musculus,,,protein_coding,
Gm10495,Gm10495,,Mus musculus,,,protein_coding,
Gm10496,Gm10496,,Mus musculus,,,protein_coding,
Gm10497,Gm10497,,Mus musculus,,,protein_coding,
Gm10498,Gm10498,,Mus musculus,,,protein_coding,
Gm10499,Gm10499,,Mus musculus,,,protein_coding,
Gm10500,Gm10500,,Mus musculus,,,protein_coding,
Gm10501,Gm10501,,Mus musculus,,,protein_coding,
Gm10502,Gm10502,,Mus musculus,,,protein_coding,
Gm10503,Gm10503,,Mus musculus,,,protein_coding,
Gm10504,Gm10504,,Mus musculus,,,protein_coding,
Gm10505,Gm10505,,Mus musculus,,,protein_coding,
Gm10506,Gm10506,,Mus musculus,,,protein_coding,
Gm10507,Gm10507,,Mus musculus,,,protein_coding,
Gm10508,Gm10508,,Mus musculus,,,protein_coding,
Gm10509,Gm10509,,Mus musculus,,,protein_coding,
Gm10510,Gm10510,,Mus musculus,,,protein_coding,
Gm10511,Gm10511,,Mus musculus,,,protein_coding,
Gm10512,Gm10512,,Mus musculus,,,protein_coding,
Gm10513,Gm10513,,Mus musculus,,,protein_coding,
Gm10514,Gm10514,,Mus musculus,,,protein_coding,
Gm10515,Gm10515,,Mus musculus,,,protein_coding,
Gm10516,Gm10516,,Mus musculus,,,protein_coding,
Gm10517,Gm10517,,Mus musculus,,,protein_coding,
Gm10518,Gm10518,,Mus musculus,,,protein_coding,
Gm10519,Gm10519,,Mus musculus,,,protein_coding,
Gm10520,Gm10520,,Mus musculus,,,protein_coding,
Gm10521,Gm10521,,Mus musculus,,,protein_coding,
Gm10522,Gm10522,,Mus musculus,,,protein_coding,
Gm10523,Gm10523,,Mus musculus,,,protein_coding,
Gm10524,Gm10524,,Mus musculus,,,protein_coding,
Gm10525,Gm10525,,Mus musculus,,,protein_coding,
Gm10526,Gm10526,,Mus musculus,,,protein_coding,
Gm10527,Gm10527,,Mus musculus,,,protein_coding,
Gm10528,Gm10528,,Mus musculus,,,protein_coding,
Gm10529,Gm10529,,Mus musculus,,,protein_coding,
Gm10530,Gm10530,,Mus musculus,,,protein_coding,
Gm10531,Gm10531,,Mus musculus,,,protein_coding,
Gm10532,Gm10532,,Mus musculus,,,protein_coding,
Gm10533,Gm10533,,Mus musculus,,,protein_coding,
Gm10534,Gm10534,,Mus musculus,,,protein_coding,
Gm10535,Gm10535,,Mus musculus,,,protein_coding,
Gm10536,Gm10536,,Mus musculus,,,protein_coding,
Gm10537,Gm10537,,Mus musculus,,,protein_coding,
Gm10538,Gm10538,,Mus musculus,,,protein_coding,
Gm10539,Gm10539,,Mus musculus,,,protein_coding,
Gm10540,Gm10540,,Mus musculus,,,protein_coding,
Gm10541,Gm10541,,Mus musculus,,,protein_coding,
Gm10542,Gm10542,,Mus musculus,,,protein_coding,
Gm10543,Gm10543,,Mus musculus,,,protein_coding,
Gm10544,Gm10544,,Mus musculus,,,protein_coding,
Gm10545,Gm10545,,Mus musculus,,,protein_coding,
Gm10546,Gm10546,,Mus musculus,,,protein_coding,
Gm10547,Gm10547,,Mus musculus,,,protein_coding,
Gm10548,Gm10548,,Mus musculus,,,protein_coding,
Gm10549,Gm10549,,Mus musculus,,,protein_coding,
Gm10550,Gm10550,,Mus musculus,,,protein_coding,
Gm10551,Gm10551,,Mus musculus,,,protein_coding,
Gm10552,Gm10552,,Mus musculus,,,protein_coding,
Gm10553,Gm10553,,Mus musculus,,,protein_coding,
Gm10554,Gm10554,,Mus musculus,,,protein_coding,
Gm10555,Gm10555,,Mus musculus,,,protein_coding,
Gm10556,Gm10556,,Mus musculus,,,protein_coding,
Gm10557,Gm10557,,Mus musculus,,,protein_coding,
Gm10558,Gm10558,,Mus musculus,,,protein_coding,
Gm10559,Gm10559,,Mus musculus,,,protein_coding,
